{
    "playerPos3": {
        "x": -2.8512074947357179,
        "y": -3.3000006675720217,
        "z": 15.431389808654786
    },
    "speedPD": 2000.0,
    "matSpherePD": {
        "r": 0.0655762106180191,
        "g": 0.6194749474525452,
        "b": 0.5528774857521057,
        "a": 1.0
    }
}