{
    "playerPos3": {
        "x": -9.727258682250977,
        "y": -3.3000001907348635,
        "z": 11.981623649597168
    },
    "speedPD": 500.0,
    "matSpherePD": {
        "r": 0.1734641194343567,
        "g": 0.6098998188972473,
        "b": 0.2591218948364258,
        "a": 1.0
    }
}