{
    "playerPos3": {
        "x": 5.746964454650879,
        "y": -3.3000001907348635,
        "z": 8.775071144104004
    }
}