{
    "playerPos3": {
        "x": -9.13719654083252,
        "y": -2.9609172344207765,
        "z": 15.71144962310791
    },
    "speedPD": 910.0,
    "matSpherePD": {
        "r": 0.8794817924499512,
        "g": 0.9863711595535278,
        "b": 0.9094396829605103,
        "a": 1.0
    }
}