{
    "playerPos3": {
        "x": -6.680100440979004,
        "y": -3.3000001907348635,
        "z": 15.688076972961426
    },
    "speedPD": 160.0,
    "matSpherePD": {
        "r": 0.8794817924499512,
        "g": 0.9863711595535278,
        "b": 0.9094396829605103,
        "a": 1.0
    }
}