{
    "playerPos3": {
        "x": -12.175729751586914,
        "y": 0.39541345834732058,
        "z": 16.9303035736084
    },
    "speedPD": 910.0,
    "matSpherePD": {
        "r": 0.0,
        "g": 0.0,
        "b": 0.0,
        "a": 0.0
    }
}