{
    "playerPos3": {
        "x": -11.966950416564942,
        "y": 0.3954143524169922,
        "z": 16.113805770874025
    },
    "speedPD": 910.0,
    "itemNames": [
        "PotionArmor",
        "PotionAttack",
        "PotionHealth",
        "PotionHealth",
        "PotionHealth",
        "PotionHealth"
    ]
}