{"cameraMode":{"drawMode":0,"name":"Shaded","section":"Shading Mode"},"sceneLighting":false,"audioPlay":false,"sceneViewState":{"m_AlwaysRefresh":false,"showFog":true,"showSkybox":true,"showFlares":true,"showImageEffects":true,"showParticleSystems":true,"showVisualEffectGraphs":true,"m_FxEnabled":true},"in2DMode":false,"pivot":{"x":734.2542114257813,"y":504.302001953125,"z":-31.091537475585939},"rotation":{"x":0.058775439858436587,"y":0.0014920930843800307,"z":-0.00008781151700532064,"w":0.9982699155807495},"size":796.1864013671875,"orthographic":false}