{"cameraMode":{"drawMode":0,"name":"Shaded","section":"Shading Mode"},"sceneLighting":false,"audioPlay":false,"sceneViewState":{"m_AlwaysRefresh":false,"showFog":true,"showSkybox":true,"showFlares":true,"showImageEffects":true,"showParticleSystems":true,"showVisualEffectGraphs":true,"m_FxEnabled":true},"in2DMode":false,"pivot":{"x":198.09506225585938,"y":959.4896850585938,"z":24.267623901367189},"rotation":{"x":0.058775439858436587,"y":0.0014920930843800307,"z":-0.00008781151700532064,"w":0.9982699155807495},"size":326.1736145019531,"orthographic":false}