{"cameraMode":{"drawMode":0,"name":"Shaded","section":"Shading Mode"},"sceneLighting":false,"audioPlay":false,"sceneViewState":{"m_AlwaysRefresh":false,"showFog":true,"showSkybox":true,"showFlares":true,"showImageEffects":true,"showParticleSystems":true,"showVisualEffectGraphs":true,"m_FxEnabled":true},"in2DMode":false,"pivot":{"x":-0.34492552280426028,"y":-8.104791641235352,"z":18.66682243347168},"rotation":{"x":0.21703341603279115,"y":0.04391025751829147,"z":-0.009773269295692444,"w":0.975125789642334},"size":14.46151065826416,"orthographic":false}