{"cameraMode":{"drawMode":0,"name":"Shaded","section":"Shading Mode"},"sceneLighting":false,"audioPlay":false,"sceneViewState":{"m_AlwaysRefresh":false,"showFog":true,"showSkybox":true,"showFlares":true,"showImageEffects":true,"showParticleSystems":true,"showVisualEffectGraphs":true,"m_FxEnabled":true},"in2DMode":false,"pivot":{"x":-14.806886672973633,"y":1.4116287231445313,"z":32.62089157104492},"rotation":{"x":0.6155557632446289,"y":-0.04720525071024895,"z":0.03697760030627251,"w":0.7858080267906189},"size":18.706148147583009,"orthographic":false}