{"cameraMode":{"drawMode":0,"name":"Shaded","section":"Shading Mode"},"sceneLighting":false,"audioPlay":false,"sceneViewState":{"m_AlwaysRefresh":false,"showFog":true,"showSkybox":true,"showFlares":true,"showImageEffects":true,"showParticleSystems":true,"showVisualEffectGraphs":true,"m_FxEnabled":true},"in2DMode":false,"pivot":{"x":-8.631925582885743,"y":0.39541345834732058,"z":11.539804458618164},"rotation":{"x":0.2736929655075073,"y":-0.0418226383626461,"z":0.011913160793483258,"w":0.9608334302902222},"size":0.8660253882408142,"orthographic":false}