{"cameraMode":{"drawMode":0,"name":"Shaded","section":"Shading Mode"},"sceneLighting":false,"audioPlay":false,"sceneViewState":{"m_AlwaysRefresh":false,"showFog":true,"showSkybox":true,"showFlares":true,"showImageEffects":true,"showParticleSystems":true,"showVisualEffectGraphs":true,"m_FxEnabled":true},"in2DMode":false,"pivot":{"x":898.0278930664063,"y":426.7571105957031,"z":46.956520080566409},"rotation":{"x":0.052783649414777759,"y":-0.007494681049138308,"z":0.00039610310341231525,"w":0.9985789656639099},"size":938.0548095703125,"orthographic":false}